organization_reference_id,organization_name,ror_symbol
Allen Institute for Brain Science,Allen Institute for Brain Science,
Arizona State University,Arizona State University,
Broad Institute,Broad Institute,
California Institute of Technology,California Institute of Technology,
Cayo Biobank Research Unit,Cayo Biobank Research Unit,
Cold Spring Harbor Laboratory,Cold Spring Harbor Laboratory,
Icahn School of Medicine at Mount Sinai,Icahn School of Medicine at Mount Sinai,
Johns Hopkins University,Johns Hopkins University,
Massachusetts General Hospital,Massachusetts General Hospital,
Massachusetts Institute of Technology,Massachusetts Institute of Technology,
National Institute of Mental Health,National Institute of Mental Health,
Pittsburgh Supercomputing Center,Pittsburgh Supercomputing Center,
Salk Institute for Biological Studies,Salk Institute for Biological Studies,
The Pennsylvania State University,The Pennsylvania State University,
University of California at Los Angeles,University of California at Los Angeles,
University of California at San Diego,University of California at San Diego,
University of California at San Francisco,University of California at San Francisco,
University of Maryland,University of Maryland,
University of Southern California,University of Southern California,
University of Washington,University of Washington,
Weill Medical College of Cornell University,Weill Medical College of Cornell University,
Yale University,Yale University,
