project_reference_id,project_title,project_short_title,project_description,project_type,doi_symbol,project_citation,information_web_resource_reference_id
BICCN,BRAIN Initiative Cell Census Network,BICCN,"NIH's Brain Research through Advancing Innovative Neurotechnologies (BRAIN) Initiative - Cell Census Network (BICCN) aims to provide researchers and the public with a comprehensive reference of the diverse cell types in human, mouse, and non-human primate brain. A network of integrated centers and laboratories including U01, RF1, and U19 data generating centers, R24 data archives, and a U24 Brain Cell Data Center (BCDC) are working collaboratively to generate, map, and share these data with the community.",program,,,https://www.biccn.org/
Allen Brain Map,Allen Brain Map,Allen Brain Map,Projects of the Allen Institute for Brain Science.,program,,,https://portal.brain-map.org
AMBCA,Allen Mouse Brain Connectivity Atlas,Mouse Connectivity,"The Allen Mouse Brain Connectivity Atlas is a three-dimensional, high-resolution map of neural connections in the mouse brain. Axonal projections from a broad range of brain regions were mapped on a standardized platform to generate a comprehensive database of neural projections. Built upon an array of transgenic mice genetically engineered to target specific cell  types, the Allen Mouse Brain Connectivity Atlas comprises a unique compendium of projections from selected neuronal populations throughout the brain. In addition, the neural connectivity information complements the Allen Institute's gene expression atlases and thus provides opportunities to help understand how genes contribute to connectivity formation and function.",sub program,,,https://connectivity.brain-map.org/
BrainSpan,BrainSpan Atlas of the Developing Human Brain,BrainSpan,The BrainSpan Atlas of the Developing Human Brain is a foundational resource for studying transcriptional mechanisms involved in human brain development.,sub program,,,http://www.brainspan.org/
ADMBA,Allen Developing Mouse Brain Atlas,Developing Mouse,"The Allen Developing Mouse Brain Atlas project serves to provide a characterization of gene expression in the brain beginning with mid-gestation through to juvenile and young adult. Building upon the  foundation established by the Allen Mouse Brain Atlas, the Allen Developing Mouse Brain Atlas provides a framework to explore  temporal and spatial regulation of  gene expression, effectively a 4-D  atlas, with a highly accessible and  easily navigable free online database. The in situ hybridization (ISH) data encompasses approximately two thousand genes with each gene characterized across all seven developmental stages.",sub program,,,https://developingmouse.brain-map.org/
AHBA,Allen Human Brain Atlas,Human Brain,"The Allen Human Brain Atlas is a unique multimodal atlas of the human brain, integrating anatomic and genomic information which includes microarray data multiple adult control brains, in situ hybridization image data from disease and control cases, and MRI data for brains used for all microarray and some ISH analyses.",sub program,,,https://human.brain-map.org/
ACTD,Allen Cell Types Database,Allen Cell Types Database,"The goal of the Allen Cell Types Database is to characterize, in a systematic and standardized manner, individual neurons in neocortical and thalamic regions of the mouse and adult human brain. This characterization includes: intrinsic electrophysiology properties, neuron morphology, transcriptomicsprofile, and/orparameters from multiple computational models incorporating one  or more of these experimentally defined modalities. Through clustering and correlational  analyses  of these different modalities, we seek to characterize neuronal cell types, and to enable cross-species comparison.",sub program,,,https://celltypes.brain-map.org/
IvyGBM,Ivy Glioblastoma Atlas Project (GAP),Glioblastoma Atlas,"The Ivy Glioblastoma Atlas Project is a foundational resource for exploring the anatomic and genetic basis of glioblastoma at the cellular and molecular levels. The Ivy Glioblastoma Atlas Project is a collaborative partnership between the Ben and Catherine Ivy Foundation, the Allen Institute for Brain Science, and the Ben and Catherine Ivy Center for Advanced Brain Tumor Treatment. The goal  of  the project is to create important datasets and associated online resources to scientists and physicians dedicated  to the development of innovative treatments and diagnostics that will enhance the quality of life and survival of patients with brain cancer.",sub program,,,https://glioblastoma.alleninstitute.org/
TBI,"Aging, Dementia and Traumatic Brain Injury (TBI)","Aging, Dementia, and TBI Study","The Aging, Dementia and Traumatic Brain Injury Study is a detailed neuropathologic, molecular and transcriptomic characterization of brains of control and TBI exposure cases from a unique aged population-based cohort from the Adult Changes in Thought (ACT) study. The Aging, Dementia and Traumatic Brain Injury Study was developed by a consortium consisting of the University of Washington, Kaiser Permanente Washington Health Research Institute and the Allen Institute for Brain Science.",sub program,,,http://aging.brain-map.org/
AMBA,Allen Mouse Brain Atlas,Mouse Brain,"The Allen Mouse Brain Atlas project is a unique multimodal atlas of the adult mouse brain, featuring anatomic and gene expression data.",sub program,,,https://mouse.brain-map.org/
ASCA,Allen Spinal Cord Atlas,Spinal Cord,"The Allen Spinal Cord Atlas is an interactive database of gene expression mapped across all anatomic segments of the mouse spinal cord at postnatal days 4 and 56. The indexed set of images for the entire genome is based on RNA in situ hybridization data, and is searchable and sortable by gene, age, expression, and in the case of the adult, by the cervical, thoracic, lumbar, sacral, and coccygeal segments. Over 80 structures in the cords can be identified with the associated high-resolution Allen Spinal Cord Reference Atlas. This resource represents an unprecedented platform for exploring the spinal cord at the cellular and molecular levels.",sub program,,,http://mousespinal.brain-map.org/about.html
NHP,NIH Blueprint Non-Human Primate (NHP) Atlas,Non-Human Primate Atlas,"The NIH Blueprint Non-Human Primate (NHP) Atlas consists of a suite of gene expression data, neuroanatomical data and informatics tools for exploring the cellular and molecular architecture of the developing rhesus macaque brain.",sub program,,,https://www.blueprintnhpatlas.org/
TransChar,Transgenic Characterization,Transgenic Char,Transgenic approaches are used to label neurons in a cell type specific manner in mice. These transgenic mice can be then be used to enable profiling of specific cell-types by various assays. The labeling of specific cell types by these transgenic approaches was characterized as a reference set.,sub program,,,https://portal.brain-map.org/explore/toolkit/mice
VisualCoding,Allen Brain Observatory - Visual Coding,Visual Coding,"Using a broad range of visual stimuli, ranging from gratings and noise stimuli to natural images and movies, we have surveyed the spatial and temporal dynamics of visual representation in the mouse corticothalamic visual pathways.",sub program,,,https://portal.brain-map.org/explore/circuits
U01 Dong,Anatomical Characterization of Neuronal Cell Types of the Mouse Brain,U01 Dong,Anatomical Characterization of Neuronal Cell Types of the Mouse Brain,sub program,,,https://biccn.org/teams/u01-dong
U19 Ecker,Center for Epigenomics of the Mouse Brain Atlas (CEMBA),U19 Ecker,Center for Epigenomics of the Mouse Brain Atlas (CEMBA),sub program,,,https://biccn.org/teams/u19-ecker
U01 Feng,A Molecular and Cellular Atlas of the Marmoset Brain,U01 Feng,A Molecular and Cellular Atlas of the Marmoset Brain,sub program,,,https://biccn.org/teams/u01-feng
U19 Huang,A Comprehensive Center for Mouse Brain Cell Atlas,U19 Huang,A Comprehensive Center for Mouse Brain Cell Atlas,sub program,,,https://biccn.org/teams/u19-huang
U01 Kriegstein,A Cellular Resolution Census of the Developing Human Brain,U01 Kriegstein,A Cellular Resolution Census of the Developing Human Brain,sub program,,,https://biccn.org/teams/u01-kriegstein
U01 Osten,Collaboratory for Atlasing Cell Type Anatomy in the Female and Male Mouse Brain,U01 Osten,Collaboratory for Atlasing Cell Type Anatomy in the Female and Male Mouse Brain,sub program,,,https://biccn.org/teams/u01-osten
U01 Yang,Dendritome Mapping of Genetically-Defined and Sparsely-Labeled Cortical and Striatal Projection Neurons,U01 Yang,Dendritome Mapping of Genetically-Defined and Sparsely-Labeled Cortical and Striatal Projection Neurons,sub program,,,https://biccn.org/teams/u01-yang
U19 Zeng,A Comprehensive Whole-brain Atlas of Cell Types in the Mouse,U19 Zeng,A Comprehensive Whole-brain Atlas of Cell Types in the Mouse,sub program,,,https://biccn.org/teams/u19-zeng
U01 ZhangKun,Toward a Human Adult Brain Cell Atlas with Single-Cell Technologies,U01 ZhangKun,Toward a Human Adult Brain Cell Atlas with Single-Cell Technologies,sub program,,,https://biccn.org/teams/u01-zhangk
U01 ZhangLi,Cell Atlas of Mouse Brain-Spinal Cord Connectome,U01 ZhangLi,Cell Atlas of Mouse Brain-Spinal Cord Connectome,sub program,,,https://biccn.org/teams/u01-zhangl
R24 Ghosh,DANDI: Distributed Archives for Neurophysiology Data Integration,R24 Ghosh,DANDI: Distributed Archives for Neurophysiology Data Integration,sub program,,,https://biccn.org/teams/r24-ghosh
R24 Ropelewski,A Confocal Fluorescence Microscopy Brain Data Archive,R24 Ropelewski,A Confocal Fluorescence Microscopy Brain Data Archive,sub program,,,https://biccn.org/teams/r24-ropelewski
R24 White,A BRAIN Initiative resource: The neuroscience multi-omic data archive,R24 White,A BRAIN Initiative resource: The neuroscience multi-omic data archive,sub program,,,https://biccn.org/teams/r24-white
RF1 Chung,"Highly specific, renewable, and cost-effective antibody toolbox for 3D proteomic phenotyping of the brain",RF1 Chung,"Highly specific, renewable, and cost-effective antibody toolbox for 3D proteomic phenotyping of the brain",sub program,,,https://biccn.org/teams/rf1-chung
RF1 Mueller,"Accessible technologies for high-throughput, whole-brain reconstructions of molecularly characterized mammalian neurons",RF1 Mueller,"Accessible technologies for high-throughput, whole-brain reconstructions of molecularly characterized mammalian neurons",sub program,,,https://biccn.org/teams/rf1-mueller
RF1 Nowakowski,Mapping Developmental Lineage Relationships in the Cerebral Cortex,RF1 Nowakowski,Mapping Developmental Lineage Relationships in the Cerebral Cortex,sub program,,,https://biccn.org/teams/rf1-nowakowski
RF1 Regev,Scaling up spatial RNA profiling with compressed sensing,RF1 Regev,Scaling up spatial RNA profiling with compressed sensing,sub program,,,https://biccn.org/teams/rf1-regev
RF1 Tasic,Cell class- or type-specific viruses for brain-wide labeling and neural circuit examination,RF1 Tasic,Cell class- or type-specific viruses for brain-wide labeling and neural circuit examination,sub program,,,https://biccn.org/teams/rf1-tasic
RF1 Tilgner,Single Cell Isoform Expression Across Mouse Brain Regions and Development,RF1 Tilgner,Single Cell Isoform Expression Across Mouse Brain Regions and Development,sub program,,,https://biccn.org/teams/rf1-tilgner
U01 Chung,Towards Integrated 3D Reconstruction of Whole Human Brains at Subcellular Resolution,U01 Chung,Towards Integrated 3D Reconstruction of Whole Human Brains at Subcellular Resolution,sub program,,,https://biccn.org/teams/u01-chung
U01 Ecker,Epigenomic cell-type classification and regulatory element identification in the human brain,U01 Ecker,Epigenomic cell-type classification and regulatory element identification in the human brain,sub program,,,https://biccn.org/teams/u01-ecker
U01 Fischl,Imaging and analysis Techniques to Construct a Cell Census Atlas of the Human Brain,U01 Fischl,Imaging and analysis Techniques to Construct a Cell Census Atlas of the Human Brain,sub program,,,https://biccn.org/teams/u01-fischl
U01 Lein,A Multimodal Atlas of Human Brain Cell Types,U01 Lein,A Multimodal Atlas of Human Brain Cell Types,sub program,,,https://biccn.org/teams/u01-lein
U01 Snyder-Mackler,Single cell transcriptional and epigenomic atlas of the macaque brain across the lifespan,U01 Snyder-Mackler,Single cell transcriptional and epigenomic atlas of the macaque brain across the lifespan,sub program,,,https://biccn.org/teams/u01-snydermackler
U24 Hawrylycz,A Community Resource for Single Cell Data in the Brain,U24 Hawrylycz,A Community Resource for Single Cell Data in the Brain,sub program,,,https://biccn.org/teams/u24-hawrylycz
ConnProjection,Mouse Connectivity Projection,Conn Projection,Image data of the mouse brain detailing axonal projections labeled by viral tracers.,data collection project,,,
ConnBdaAavProj,Mouse Connectivity BDA/AAV Comparison,BDA AAV comp,"The recombinant adeno-associated virus (rAAV) has been widely adopted recently for labeling axonal projections because of its distinct advantages over classic anterograde tracers such as biotinylated dextran amines (BDA) or phytohemagglutinin (PHA-L). In spite of the increasing use of viral tracers, little data exists to allow one to compare labeling efficiency or specificity between two popular tracing methods in diverse brain regions. In order to compare viral  and conventional (BDA) tracers, approximately 20 brain regions were selected to represent broad anatomical areas and diverse cell types. rAAV and BDA were co-injected into each selected brain region in wild-type mice using a sequential injection method developed to target virtually the same anatomic region. For most cases presented, the anatomical area(s) of tracer uptake are well matched. However, there are cases with considerable differences in the uptake area between BDA and rAAV due to uneven infection or leakage along the needle tract or into neighboring anatomical regions. Axonal projections from neurons infected/labeled by rAAV or BDA were visualized with distinct fluorescent colors in subsequent histological staining procedures and imaged on an automated fluorescence scanner.",data collection project,,,
ConnRefProject,Mouse Brain Connectivity Reference Data,Mouse Connectivity Reference,"A set of anatomic reference data to provide additional information on the cytoarchitecture, myeloarchitecture and chemoarchitecture of the mouse brain.",data collection project,,,
ConnRetina,Allen Mouse Brain Connectivity Atlas - Retinal Projectome,Connectivity Retina,"The Allen Mouse Brain Connectivity Atlas - Retinal Projectome is a three-dimensional, high resolution map of axonal projections from retinal ganglion cells (RGC) to the brain. Axonal projections originating from genetically-defined populations of RGCs are mapped on a standardized platform to generate a comprehensive database of neural projections. The same genetic tracing approach applied to the Allen Mouse Brain Connectivity Atlas is also utilized here. Cre driver mice with expression in RGC populations are combined with Cre-dependent viral mediated expression of fluorescent proteins to selectively label central axons from Cre-expressing cells.",data collection project,,,
ConnRetinaVertProj,Mouse Connectivity Vertical Retina,Retina IHC,Fluorescent images of immunostained vertical sections of mouse retina.,data collection project,,,
ConnTransChar,Allen Mouse Brain Connectivity Atlas - Transgenic Characterization,Connectivity Transgenic Char,"Transgenic mice enable the labeling of selective neuronal or non-neuronal populations, the modulation of gene expression in particular cell classes, and the manipulation of activity in specific cell populations. In 2007, the Allen Institute began to create a variety of transgenic mouse lines capable of expressing fluorescent probes, biological sensors, or functional proteins in a range of cell types througout the brain. In parallel with transgenic mouse generation, we have qualitatively characterized gene expression of both driver and driver-dependent transgenes in lines generated by the Allen Institute, or for lines created by other researchers but used in studies at the Allen Institute. Using standardized data collection protocols for histological profiling of transgene expression, this characterization data set is intended to provide a brain-wide profile for gene expression per mouse line, and thus assist researchers in choosing the appropriate transgenic tools for their studies of different regions and/or cell classes in the brain.",data collection project,,,
DevHumanISHProj,BrainSpan Atlas of the Developing Human Brain: In situ hybridization,BrainSpan ISH,"The BrainSpan Atlas of the Developing Human Brain is a foundational resource for studying transcriptional mechanisms involved in human brain development. High-resolution in situ hybridization image data was generated in developing and adult human brain for selected genes. This includes: 1) Survey of cellular marker and key developmental genes across the entire mid-gestational prenatal brain; 2) Analysis of disease-associated genes focused on clinically important brain regions, including medial prefrontal cortex, primary visual cortex, hippocampus, amygdala and ventral striatum; and 3) Postnatal developmental analysis of a set of genes and developmental stages designed to mirror the complementary NIH Blueprint Non-Human Primate (NHP) Atlas.",data collection project,,,
DevHumanMAProj,BrainSpan Atlas of the Developing Human Brain: Prenatal LMD Microarray,BrainSpan Prenatal MA,"The BrainSpan Atlas of the Developing Human Brain is a foundational resource for studying transcriptional mechanisms involved in human brain development. This project included the generation of broad, high-resolution neuroanatomical transcriptional profiling spanning the entire prenatal human brain, generated using a combination of laser microdissection-based sample isolation and DNA microarrays. This includes four midgestational prenatal male and female brain specimens (15-21 pcw) and ~300 distinct anatomical samples.",data collection project,,,
DevHumanRefProj,BrainSpan Atlas of the Developing Human Brain: Reference Atlases,BrainSpan Reference,"The BrainSpan Reference Atlases are full-color, high-resolution, web-based digital brain atlases accompanied by a systematic, hierarchically organized taxonomy of developing human brain structures.",data collection project,,,
DevHumanTransProj,BrainSpan Atlas of the Developing Human Brain: Developmental Transcriptome,BrainSpan Transcriptome,"The BrainSpan Atlas of the Developing Human Brain is a foundational resource for studying transcriptional mechanisms involved in human brain development. The Developmental Transcriptomic is a broad developmental survey of gene expression in specific brain regions using RNA sequencing and exon microarray techniques. The project includes profiling up to sixteen targeted cortical and subcortical structures across the full course of human brain development, and 42 brain specimens, spanning pre- and postnatal-development in both males and females.",data collection project,,,
DevMouseProj,Allen Developing Mouse Brain Atlas In Situ Hybridization,Developing Mouse Brain ISH,"The Allen Developing Mouse Brain Atlas project serves to provide a characterization of gene expression in the brain  beginning with mid-gestation through to juvenile/young adult. The Allen Developing Mouse Brain Atlas provides a framework to explore temporal and spatial regulation of gene  expression, effectively a 4-D atlas, with a highly accessible and easily navigable free online database. The in situ hybridization (ISH) data encompasses approximately two thousand genes with each gene characterized across all seven developmental stages. This project was designed in order to meet the following objectives: 1) Profile of genes functionally relevant to brain development or developmental disorders of the brain; and 2) Visualization of the development of cell types and brain regions using robust neuroanatomical markers.",data collection project,,,
DevMouseRefAtlasProj,Allen Developing Mouse Brain Reference Atlas,Developing Mouse Brain Reference Atlas,"The Allen Developing Mouse Brain Atlas provides a cellular-resolution map of gene expression in the developing mouse brain from the embryo to the young adult. To provide a neuroanatomical framework for expression data, reference atlases for the Allen Developing Mouse Brain Atlas were created with the expertise of Professor Luis Puelles, M.D., Ph.D. Sagittal full-color, high resolution web-based digital reference atlases have been created for seven stages of mousebrain development. A novel anatomic classification system or 'ontology' provides ontogenetic relationships between brain regions which is based upon concepts derived from developmental neurobiology. Atlases were drawn on reference datasets created using Nissl or HP Yellow staining to provide cytoarchitectonic landmarks for anatomic delineation.",data collection project,,,
HumanASDProj,Human Brain ISH Autism Study,Human ASD,"The Autism Study systematically examined neocortical architecture during the early years after autism onset using in situ hybridization with a unique panel of lamina-and cell type-specific molecular markers to phenotypecortical microstructure. Markers for neurons, glial and risk genes for autism were tested on frontal, temporal, and occipital postmortem brain tissue from young postmortem control and autism cases. Initially, 64 candidate genes were screened to select the 25 genes chosen for analysis in 11 autistic and 11 control subjects. Staining for Nissl bodies was included for gross anatomical and cellular architectural analysis. This study was done in collaboration with Dr. Eric Courchesne, UC San Diego.",data collection project,,,
HumanCellTypes,Human Cell Types,Human Cell Types,"The Human Cell Types project is a survey of cell types that includes experimental data acquired from single cells originating from adult human brain. Human brain tissue was analyzed from nuerosurgical and postmortem sources.  Electrophysiological and morphological data were measured from the same cells, and models were created to simulate cell activity based on those properties.",data collection project,,,
HumanCtxProj,Human Brain ISH Cortex Study,Human Cortex ISH,"The Human Brain ISH Cortex Study characterized approximately 1,000 genes in visual cortex (VC) and temporal cortex (TC) of multiple control cases with n = 2 -6 cases characterized per gene. Genes in this dataset represented several categories of broad scientific and clinical interest: cortical cell type markers, gene families important to neural function, disease-related genes and genes important in the comparative genomics field.",data collection project,,,
HumanGBMRNASeqProj,Ivy Glioblastoma RNASeq,Ivy GBM RNASeq,"RNA sequencing data was generated from human glioblastoma samples for two main studies: 1) a screen for gene enrichment in 5 anatomic structures (Leading Edge, Infiltrating Tumor, Cellular Tumor, Microvascular Proliferation, and Pseudopalisading Cells Around Necrosis) identified by H&E staining. A total of 122 RNA samples were generated from 10 tumors; and 2) a cancer stem cell survey, screening 35 clusters of putative cancer stem cells identified by Ish with a 17 reference probe subset. A total of 148 RNA samples were generated from 34 tumors.",data collection project,,,
HumanM110xProj,Transcriptomic characterization of cell types in human M1 using droplet-based single nucleus RNA sequencing,Human M1 10x,"To investigate the cellular diversity of the human cortex, we used 10x Genomics Chromium single nucleus RNA-sequencing technology to perform a survey of the cell types in human primary motor cortex. Nuclei were sampled from 2 postmortem donor brains and dissociated nuclei were labeled using an antibody against the neuronal marker NeuN to facilitate enrichment for neurons using fluorescence-activated cell sorting (FACS). Profiled nuclei included approximately 90% neurons and 10% glia.",data collection project,,,
HumanMAProj,Human Brain Atlas Microarray,HBA MA,"The Allen Human Brain Atlas is a publicly available online resource of gene expression information in human brain. Comprised of multiple datasets from various projects characterizing gene expression in human tissue, one key component is an 'all genes, all structures' survey that generated microarray-based gene expression profiles in human brain with accompanying anatomic and histologic data.  Expert neuroanatomic annotation was performed to identify brain structures and delineations of specific areas sampled for microarray analysis. Downloadable microarray-based gene expression profiles are available for brain regions systematically sampled throughout the brain. Each gene expression profile contains information for over 62,000 gene probes with 93% of known genes represented by at least 2 probes.",data collection project,,,
HumanMTGSSProj,Transcriptomic characterization of cell types in human middle temporal gyrus,Human MTG SSv4,"This RNA-Seq data set is created from intact nuclei derived from frozen human brain specimens, to survey cell type diversity in the human middle temporal gyrus (MTG) using SMART-Seq v4. In total, 15,928 nuclei from 8 human tissue donors ranging in age from 24-66 years were analyzed. Analysis of these transcriptional profiles reveals approximately 75 transcriptionally distinct cell types, subdivided into 45 inhibitory neuron types, 24 excitatory neuron types, and 6 non-neuronal types.",data collection project,,,
HumanNTProj,Human Brain ISH Neurotransmitter Study,HBA NT ISH,"The Human Brain ISH Neurotransmitter Study surveys expression of ion channel, GPCR, transporter, and synthetic and catabolic enzyme genes for the major neurotransmitter systems (acetylcholine, dopamine, epinephrine / norepinephrine, gamma amino-butyric acid (GABA), glutamate, and serotonin), as well as a limited number of representative genes from the adenosine, cannabinoid, glycine, histamine and neuropeptide systems. The dataset contains 176 genes characterized in dorsolateral prefrontal cortex, ventral prefrontal cortex, anterior and posterior cingulate, claustrum and insula, retrosplenium, ventral visual stream, inferior frontal, and parieto-temporal areas. Inferior frontal and parieto-temporal areas were included as right hemisphere homologues to Broca's and Wernicke's areas. The dataset also includes 88 genes in amygdala, hippocampus, hypothalamus,and thalamus.",data collection project,,,
HumanPSeqL23Proj,Glutamatergic Neuron Types in Layer 2 and Layer 3 of the Human Cortex,Human PatchSeq L2/3,"Neurons can be classified on the basis of structural, physiological and/or genetic attributes. Using a method called Patch-seq, the electrophysiological, morphological, and transcriptomic features of individual cells can be simultaneously obtained. We characterized the morphological and physiological properties of five transcriptomically-defined human glutamatergic supragranular neuron types. Three of these types have properties that are specialized as compared to the more homogeneous properties of transcriptomically defined homologous mouse neuron types. The two remaining supragranular neuron types, located exclusively in deep layer 3, do not have clear mouse homologues in supragranular cortex but are transcriptionally most similar to deep layer mouse intratelencephalic-projecting neuron types.",data collection project,,,
HumanSubCtxProj,Human Brain ISH SubCortex Study,HBA SubCortex,"The Human Brain ISH SubCortex Study characterized a set of 55 genes in subcortical regions extending from the front of the caudate through posterior substantia nigra and a second smaller set of 10 genes through the hypothalamus. The 55-gene set focused on genes encoding glutamatergic and GABAergic neurotransmitters, receptors and receptor subunits, and associated catabolic and metabolic enzymes.The 10-gene set included genes found to be useful markers for anatomic delineation, and was characterized at a relatively high sampling density in the hypothalamus. Staining for Nissl bodies, acetylcholinesterase (AChE), and cytochrome oxidase (CyOx) was included to provide anatomical context.",data collection project,,,
HumanSZProj,Human Brain ISH Schizophrenia Study,HBA SZ ISH,"The Human Brain ISH Schizophrenia Study examined 60 genes in dorsolateral prefrontal cortex (DLPFC) of over 50 control and schizophrenia (SCZ) cases.This study was done in collaboration with Drs. Thomas Hyde and Joel Kleinman, Section on Neuropathology, Clinical Disorders Branch, GCAP, IRP, National Institute of Mental Health, NIH. Genes in this dataset included cell-type markers, cortical layer-specific markers and SCZ candidate genes culled from the literature.In addition to allowing gene expression comparisons between control and SCZ, the high number of individuals characterized in this dataset also provided a dataset to gauge the range of gene expression variation within each population.",data collection project,,,
HumanTBIProj,"Aging, Dementia and TBI Study",Human TBI Study,"The Aging, Dementia and Traumatic Brain Injury Study is a detailed neuropathologic, molecular and transcriptomic characterization of brains of control and TBI exposure cases from a unique aged population-based cohort from the Adult Changes in Thought (ACT) study. This project generated the following datasets: 1) Histology and immunohistochemistry (IHC): Image data and quantitative image metrics to assess beta-amyloid, tau, and alpha-synuclein pathologies as well as the overall local pathological state of tissue samples from each donor. 2) In situ hybridization (ISH): High-resolution ISH image data of six canonical marker genes for astrocytes, oligodendrocytes, and neuronal subtypes in parietal cortex, temporal cortex, and hippocampus. 3) RNA-Seq: RNA sequencing data for temporal cortex, parietal cortex, cortical white matter, and hippocampus isolated by macrodissection. 4) Protein quantification by Luminex: Luminex assays to assess protein levels of neuropathological and immune system targets, complementing measurements from traditional antibody-based (IHC) methods. 5) Isoprostane quantification: Gas chromatography mass spectrometry (GC/MS) quantitation of isoprostanes to measure oxidative stress and to assess free radical injury. 6) Specimen metadata: De-identified clinical data (including Alzheimer's disease, dementia, and TBI diagnoses) for each case.",data collection project,,,
HumanV1ACCSSProj,Transcriptomic characterization of cell types in human V1 and ACC - SMART-seq,Human V1 ACC SSv4,"This RNA-Seq data set includes single-nucleus transcriptomes from 16,281 total nuclei collected from human primary visual cortex (V1C) and anterior cingulate cortex (ACC; also known as the ventral division of medial prefrontal cortex, A24).",data collection project,,,
MouseCTXHIP10xProj,Mouse - Whole Cortex & Hippocampus - 10x,Mouse CTX HIP 10x,"Our goal is to quantify the diversity of cell types in the adult mouse brain using large-scale single-cell transcriptomics. Towards that goal, we have generated a dataset that includes single cells from multiple cortical areas and the hippocampus. Samples were collected from fine dissections of brain regions from male and female mice. For most brain regions, we isolated labeled cells from pan-GABAergic, pan-glutamatergic, and pan-neuronal transgenic lines. For primary visual cortex (VISp) and anterolateral motor cortex (ALM), we sampled additional cells using driver lines that label more specific and rare types.  We also collected cells without fluorescent labeling to sample non-neuronal cell types. Isolated single cells were processed for RNA sequencing using 10x chromium v2. This dataset reveals the molecular architecture of the neocortex and hippocampal formation, with a wide range of shared and unique cell types across areas. It provides the basis for comparative studies of cellular diversity in development, evolution, and diseases.?",data collection project,,,
MouseCTXHIPSSProj,Mouse - Whole Cortex & Hippocampus - SMART-seq,Mouse CTX HIP SSv4,"Our goal is to quantify the diversity of cell types in the adult mouse brain using large-scale single-cell transcriptomics. Towards that goal, we have generated a dataset that includes close to 75,000 single cells from multiple cortical areas and the hippocampus. Samples were collected from fine dissections of brain regions from male and female mice. For most brain regions, we isolated labeled cells from pan-GABAergic, pan-glutamatergic, and pan-neuronal transgenic lines. For primary visual cortex (VISp) and anterolateral motor cortex (ALM), we sampled additional cells using driver lines that label more specific and rare types. To investigate the correspondence between transcriptomic types and neuronal projection properties, we collected cells labeled from retrograde injections for select combinations of target injection sites and dissection regions. Labeled cells were collected by fluorescence activated sorting (FACS) of single cells. We also collected cells without fluorescent label to sample non-neuronal cell types. Isolated single cells were processed for RNA sequencing using SMART-Seq v4. This dataset reveals the molecular architecture of the neocortex and hippocampal formation, with a wide range of shared and unique cell types across areas. It provides the basis for comparative studies of cellular diversity in development, evolution, and diseases.",data collection project,,,
MouseDivProj,Mouse Diversity: Mouse Strains Study and Estrous Cycle,Mouse Strains Study,The Mouse Strains Study is a gene expression comparision study in the mouse brain across different genetic backgrounds and sex. We examine the relationship between genetic background and spatial patterns of expression of 49 genes encoding well known pharmaceutical drug targets across seven strains of mice using in situ hybridization. A set of marker genes were also used to probe expression differences across the estrous cycle in female mice.,data collection project,,,
MouseISHProj,Allen Mouse Brain Atlas ISH,Mouse Brain ISH,"The Allen Mouse Brain Atlas ISH is a genome-wide, high-resolution atlas of gene expression throughout the adult mouse brain. In situ hybridization was performed for ~20,000 genes in the adult mouse brain using automated high-throughput hybridization and data acquisition.",data collection project,,,
MouseCellTypes,Mouse Cell Types ME,Mouse Cell Types ME,Electrophysiological and morphological data.,data collection project,,,
MousePSeqVISProj,Neurons in Mouse Primary Visual Cortex,Mouse PatchSeq VIS,"Neurons can be classified on the basis of structural, physiological and/or genetic attributes. Using a method called Patch-seq, the electrophysiological, morphological, and transcriptomic features of individual cells can be simultaneously obtained. The majority of cells in this dataset are GABAergic interneurons from the primary visual cortex (VISp). These data facilitate characterization of the morphological and/or intrinsic electrophysiological properties of neurons belonging to a given transcriptomically-defined type of GABAergic interneuron. These data also enable one to examine the degree to which distinct transcriptomically-defined types of GABAergic interneurons exhibit morphological and/or intrinsic electrophysiological differences. The dataset also includes a small number of glutamatergic neurons from layer 2/3 of the mouse VISp.",data collection project,,,
MouseSpinalISHProj,Allen Mouse Spinal Cord Atlas ISH,Mouse Spinal Cord ISH,"In situ hybridization for ~20,000 genes was performed across all anatomic segments of the mouse spinal cord at postnatal days 4 and 56. The indexed set of images for the entire genome is based on RNA in situ hybridization data, and is searchable and sortable by gene, age, expression, and in the case of the adult, by the cervical, thoracic, lumbar, sacral, and coccygeal segments. Over 80 structures in the cords can be identified with the associated high-resolution Allen Spinal Cord Reference Atlas.",data collection project,,,
MouseSpinalRefProj,Allen Mouse Spinal Cord Atlas Reference Datasets,Mouse Spinal Cord Ref,"The Allen Spinal Cord Reference Atlas includes atlases for the postnatal day 4 (P4) and day 56 (P56) C57Bl/6J male mouse drawn by Charles Watson and Gulgun Kayalioglu based on the Nissl sections they identified from 34 levels of the cervical, thoracic, lumbar, sacral, and coccygeal segments. Adjacent sections stained enzymatically for acetylcholinesterase informed the designation of each level. Serial sections of the entire P4 column and P56 cord were collected at 20um from fresh-frozen tissue, consistent with the Allen Spinal Cord Atlas, and  stained for acetylcholinesterase, or for Nissl bodies with 0.25% thionin. Over 80 anatomic structures in the cords can be identified with the associated high-resolution reference atlases.",data collection project,,,
NhpISHProj,Non-Human Primate ISH,NHP ISH,"Non-human primates provide experimentally tractable model systems that allow carefully controlled analysis of important developmental processes relevant for human health and disease. The goal of the NIH Blueprint Non-Human Primate (NHP) Atlas is to provide a detailed analysis of gene expression in the normal developing primate brain in brain regions associated with high-level cognitive, mnemonic and emotional functions as well as neurodevelopmental disorders linked to disruption of these capacities. One of the data components of the NHP Atlas is a focused study of cellular resolution localization of gene expression at different developmental stages in specific anatomical regions and cell types, as well as throughout a complete adult hemisphere, using colorimetric in situ hybridization (ISH). This profiling was performed in two major phases. The first is a developmental timeseries spanning postnatal development in a set of specific forebrain regions. These regions match those assayed using DNA microarrays in the other major portion of the NHP atlas. The second is a cellular resolution analysis of a targeted gene set across entire hemispheres of the entire adult rhesus brain. A standardized processing pipeline was used to section tissue samples, perform histological staining, generate standardized colorimetric ISH data, and acquire images from the resulting stained tissue. For cellular resolution localization of gene expression in specific anatomical regions and cell types across postnatal development, genes were selected from several categories of broad scientific and clinical interest, including highly restricted marker genes for specific anatomical regions and cell types, gene families important to neural function, disease-related genes and genes important in the comparative genomics field. ISH data are presented for medial prefrontal cortex, primary visual cortex, hippocampus, amygdala and ventral striatum, with genes for each structure assayed across the four timepoints neonate (birth), infant (3 months), juvenile (12 months), and post-pubertal adult (48 months) in three male specimens. For cellular resolution localization of gene expression throughout the entire adult brain, ISH data are generated serially across complete hemispheres of three post-pubertal adult (48 months) male specimens, focusing on cellular marker genes, genes with cortical area specificity and gene families important to neural function. Complementing the ISH data across a complete hemisphere are the histological stains Nissl, acetylcholinesterase and SMI-32 that combined with the ISH data provide an unprecedented cellular resolution view into the post-pubertal adult brain.",data collection project,,,
NHPMAProj,Non-Human Primate Microarray,NHP MA,"The goal of the NIH Blueprint Non-Human Primate (NHP) Atlas is to provide a detailed analysis of gene expression in the normal developing primate brain in brain regions associated with high-level cognitive, mnemonic and emotional functions as well as neurodevelopmental disorders linked to disruption of these capacities. The primary data component of the NHP atlas is genome-wide transcriptional profiling aimed at the identification of transcriptional programs differentially regulated in specific brain regions at different stages of brain maturation. This profiling was performed in rhesus macaque across pre- and postnatal development to provide a full developmental time course from early brain formation through adulthood. The methodological approach aimed to isolate and analyze all histologically discrete developmental and mature partitions (e.g., layers, nuclei) of the neocortex (primary visual cortex and medial prefrontal cortex), hippocampus, striatum and amygdala. Two different tissue isolation strategies were utilized (laser microdissection and microdissection) and RNA isolated from these samples was amplified and used for DNA microarray analysis using Affymetrix GeneChip Rhesus Macaque Genome Arrays. Laser microdissection was used to isolate target brain regions from tissue sections across six prenatal developmental stages (E40, E50, E70, E80, E90, and E120), corresponding to peak periods of neurogenesis for the different layers of primary visual cortex based on birth-dating experiments. Postnatal stages were also profiled using laser microdissection at each of four postnatal developmental stages representing the neonate (0 months), infant (3 months), juvenile (12 months) and post-pubertal adult (48 months). Macrodissection was used to isolate tissue from primary visual cortex, medial prefrontal cortex, hippocampus, amygdala, and ventral striatum",data collection project,,,
NhpRefProj,Non-Human Primate Reference Data,NHP Ref,"The goal of the NIH Blueprint Non-Human Primate (NHP) Atlas is to provide a detailed analysis of gene expression in the normal developing primate brain in brain regions associated with high-level cognitive, mnemonic and emotional functions as well as neurodevelopmental disorders linked to disruption of these capacities. Non-human primates provide experimentally tractable model systems that allow carefully controlled analysis of important developmental processes relevant for human health and disease. A major component of the NHP Atlas is genome-wide transcriptional profiling aimed at the identification of transcriptional programs differentially active at different stages of brain maturation in neonates, infants, juveniles and adults. Also, a significant component of the NHP Atlas consists of cellular level in situ hybridization (ISH) on medial prefrontal cortex, primary visual cortex, hippocampus, amygdala, and ventral striatum with a panel of genes for each structure assayed across four time points (birth, 3 months, 12 months, and 48 months). In addition, ISH data serially across complete hemispheres of three 48-month male specimens was included. To complement these postnatal gene expression datasets, stage-specific magnetic resonance imaging (MRI) and histological reference series for each developmental time point was generated to provide a developmental neuroanatomical framework of reference for the ISH and microarray data. An interleaved atlas of MRI, histology, and block face photographs was created from four male rhesus macaques at the following ages: 2 weeks (birth), 3 months, 12 months, and 48 months. The protocol to generate this data consisted of several components: high resolution MRI, transcardial perfusion, rod insertion, embedding, cryoprotection, flash freezing, attaching the embedded brain to the microtome stage, sectioning, mounting, and staining, which were all performed at University of CaliforniaDavis. Image acquisition and image processing were completed at the Allen Institute.",data collection project,,,
NpxVcProj,Visual Coding - Neuropixels,Neuropixels Visual Coding,"The Visual Coding - Neuropixels dataset is a systematic survey of spiking activity in the mouse visual system and beyond.  Each experiment includes data from up to six Neuropixels probes recording simultaneously in cortex, hippocampus, and thalamus. Data for each experiment is packaged in Neurodata Without Borders (NWB) files that can be downloaded via AllenSDK.",data collection project,,,
SleepStudy,"Characterization of gene expression in mouse brain across sleep/wake, sleep deprivation, and recovery sleep.",Sleep Study,"The Sleep Study is a survey of gene expression that was performed to understand the changes in mouse brain during sleep/wake, and in response to sleep deprivation.  Laser microdissection was performed to isolate regions of mouse brain involved in either sleep cycle regulation or in higher executive functions impacted by sleep deprivation, and the tissue was used for microarray profiling. In situ hybridization across whole mouse brain was then performed to characterize gene expression across 5 conditions. Genes selected for in situ hybridization included immediate early response genes as a proxy for neuronal activity, genes reported in the literature as changing across sleep/wake and sleep deprivation, and genes differentially expressed in microarray.",data collection project,,,
VisCodOphysProj,Visual Coding - Optical Physiology,Visual Coding Ophys,"The Allen Brain Observatory presents the first standardized in vivo survey of physiological activity in the mouse visual cortex, featuring representations of visually evoked calcium responses from GCaMP6-expressing neurons in selected cortical layers, visual areas and Cre lines. This dataset provides a resource for exploring the progressive coding of sensory stimuli through the cortical visual pathway at both the single cell and population level.",data collection project,,,
TransgenicSTPT,Transgenic Characterization - serial two-photon tomography,Transgenic STPT,"Transgene expression was used to label cell types and brain regions in mouse brain, and these transgenes were characterized using serial two-photon tomography to create 3D volumes. These data were used in conjunction with other multimodal reference data to parcellate the entire mouse brain into anatomic regions in order to create the Allen Mouse Brain Common Coordinate Framework (CCFv3), an annotated 3D reference space with 10Âµm voxel resolution.",data collection project,,,
HumanGBMISHProj,Ivy Glioblastoma In situ Hybridization,Ivy GBM ISH,"In situ hybridization data was generated for a variety of gene sets on tissue sections of human glioblastoma samples. These included the following sets of genes: 1) a primary screen of 8 tumors with probes for 343 genes enriched in glioblastoma; 2) a subsequent screen of 29 tumors with probes for 37 genes enriched in glioblastoma structures identified in a corresponding RNA sequencing study of gene enrichment in anatomic structurs of glioblastoma; 3) a primary screen of 16 tumors with probes for 55 genes enriched in putative cancer stem cells, resulting in a 20 probe reference set, which was then used in an extensive screen of 42 tumors; and 4) a subsequent screen of 37 tumors with probes for 76 genes enriched in clusters of putative cancer stem cells identified in a corresponding RNA sequencing study of cancer stem cells.",data collection project,,,
dong_antero_proj,Cre-dependent anterograde pathway tracing,Anterograde tracing,"Different populations of neurons can be defined by their unique connectivity profiles. To determine the brain-wide targets of projection-defined cell types (e.g., caudoputamen-projecting amygdala neurons), Cre-dependent anterograde tracing was used. Cre was delivered to a projection-defined population of neurons, whose outputs were then traced via a Cre-dependent anterograde tracer injection. Utilizing this strategy, the unique brain-wide connections of different projection-defined neurons can be attained (e.g., targets of caudoputamen-projecting amygdala neurons versus targets of hippocampus-projecting amygdala neurons). Male C57BL wild type mice 8 weeks of age were used and all sections were counterstained with Nissl for cytoarchitectonic details",data collection project,,,
dong_retro_proj,Retrograde pathway tracing,Retrograde tracing,"Different populations of neurons can be defined by their unique connectivity characteristics. This information of connectional features can be integrated with additional discriminating elements of neurons like their molecular profile to provide more comprehensive cell identification. Retrograde pathway tracers identify the input connections of injected regions by labeling cell bodies. Male C57BL wild type mice 8 weeks of age were used. In one experiment, 3-5 retrograde tracers were injected in different regions of interest spanning the cortex, striatum, thalamus, basal ganglia, hippocampus, amygdala, midbrain, or hindbrain. As such in one experiment, four different populations of neurons were identified simultaneously. All sections were counterstained with Nissl for cytoarchitectonic details.",data collection project,,,
dong_trio_proj,Tracing the relationship between input and output (TRIO),TRIO,"Different populations of neurons can be defined by their unique connectivity profiles. To determine the brain-wide inputs to projection-defined cell types (e.g., caudoputamen-projecting amygdala neurons), Cre-dependent rabies viral tracing was used. Cre was delivered to a projection-defined population of neurons, which received TVA and rabies glycoprotein delivered via a Cre-dependent helper virus. Next, an EnvA pseudotyped G-deleted rabies virus was delivered to the same population of neurons to label their monosynaptic inputs from cells across the brain (e.g., brain-wide inputs to caudoputamen-projecting amygdala neurons). Utilizing this strategy, the unique brain-wide monosynaptic inputs to different projection-defined cell types can be attained (e.g., inputs to caudoputamen-projecting amygdala neurons versus inputs to hippocampus-projecting amygdala neurons). Male C57BL wild type mice 8 weeks of age were used and all sections were counterstained with Nissl for cytoarchitectonic details.",data collection project,,,
ecker_sn_ATACseq_proj,Chromatin accessibility profiling of genomic DNA in individual mouse brain cell nuclei (RS1.2),Chromatin accessibility,"The goal is to profile open chromatin at single cell resolution using snATAC-seq across >100 mouse brain regions. The resulting profiles will be used to both define cell types and generate comprehensive catalogs of regulatory elements for each cell type. The brains of adult male C57BL/6J mice (P56) were sliced into 18 600-micron-thick coronal sections and tissues isolated from selected regions in each slice were pooled separately (6-30 animals per region, hemispheres combined). Pooled nuclei were subjected to tagged Tn5 transposon insertion to identify accessible chromatin (snATAC-seq). (Note: The same tissue pools were used in both RS1.1 and RS1.2.) Over 100 selected brain regions were sampled across both brain hemispheres in male mice.",data collection project,,,
ecker_sn_mCseq_proj,DNA methylation profiling of genomic DNA in individual mouse brain cell nuclei (RS1.1),Methylation nuclei,"The goal is to generate single nucleus methyl-C genomic DNA sequencing data from isolated cells from >100 regions of the mouse brain for both cell-type classification and the identification of regulatory elements. The brains of adult male C57BL/6J mice (P56) were sliced into 18 600-micron-thick coronal sections and tissues isolated from selected regions in each slice were pooled separately (6-30 animals per region, hemispheres combined). NeuN-positive and NeuN-negative cell nuclei were purified from each pool, and isolated nuclei subjected to single nuclei methyl-C DNA sequencing (snmC-seq2). (Note: The same tissue pools were used in both RS1.1 and RS1.2.) Over 100 selected brain regions were sampled across both brain hemispheres in male mice.",data collection project,,,
ecker_sn_mCseq_retro_proj,Regional DNA methylation profiling of individual projection neurons isolated from the mouse brain (RS2.1),Methylation projection neurons,"The goal is to generate single nucleus methyl-C DNA sequence data from purified projection neurons from >100 neuronal circuits in the mouse brain. Recombinant AAV is injected bilaterally into selected brain regions in INTACT mice (B6.129-Gt(ROSA)26Sortm5(CAG-Sun1/sfGFP)Nat/MmbeJ animals in the C57BL/6 background, Jax stock #030952 @ two male and two female animals per injection site). Two weeks post AAV infection (P56), dissection of mouse brains follows the slice/region isolation protocol used in RS1. GFP-positive nuclei of projection neurons are isolated from the tissue segments pooled from selected anatomical regions that are known to project to the initial injection target, and subjected to single nuclei methyl-C DNA sequence analysis (snmC-seq2). Over 100 brain region pairings are analyzed from both male and female mice.",data collection project,,,
ecker_trio_proj,Linking inputs to outputs of projection neurons within epigenetically defined regions in the mouse brain (RS2.2),TRIO tracing,"The goal is to link the epigenetic profiles of projection neurons to their monosynaptic inputs and distant outputs from >100 neuronal circuits in the mouse brain. TRIO experiments use 3 different viruses (AAVretro-Ef1a-Cre, AAV8-hSyn-FLEX- TVA-P2A-GFP-2A-oG helper virus, and EnvA pseudotyped G-deleted Rabies mCherry (EnvA RVdG-4mCherry). At the start of the experiment, AAVretro-Ef1a-Cre is injected unilaterally into structures that receive axons of target brain regions of interest. Two weeks post AAV infection (P70), injection of AAV helper virus and G-deleted rabies virus (AAV8hSyn-FLEX-TVA-P2A-GFP-2A-oG helper virus, EnvA RVdG-4mCherry) are made into the regions of interest. One week following the injection of AAV helper and rabies virus the brains are sectioned and imaged to visualize neuronal populations defined by their corresponding input and output profiles. The patterns of labeling across the whole brain are then reconstructed, quantified, and mapped to the Allen CCF and made available on www.mouseconnectome.org. This results in labeling, across the entire brain of neurons providing input to each projection cell type within epigenetically defined regions of interest. over 100 brain regions are analyzed for male mice.",data collection project,,,
feng_fish_proj,A Molecular and Cellular Atlas of the Marmoset Brain - FISH,FISH,"By using Fluorescent In Situ Hybirdization techniques, we will profile the mRNA expression data of sparsely labeled GFP cells across 16 brain regions. This data will then be funneled through our semi-automatic tracing pipeline. The morphological and spatial data will be used to create an interactive atlas of the marmoset brain. ",data collection project,,,
feng_sn_dropseq_proj,A Molecular and Cellular Atlas of the Marmoset Brain - Single nucleus sequencing,Single nucleus sequencing,Single nucleus RNA sequencing of cells from marmoset brain.,data collection project,,,
huang_antero_proj,Triple anterograde pathway tracing,Anterograde tracing,"Different populations of neurons can be defined by their unique connectivity characteristics. This information of connectional features can be integrated with additional discriminating elements of neurons like their molecular profile to provide more comprehensive cell identification. Anterograde pathway tracers identify the output connections of injected regions by labeling axons, axon terminals, and boutons. Male C57BL wild type mice 8 weeks of age were used. In one experiment, three anterograde tracers were injected in different regions of interest spanning the cortex, striatum, thalamus, amygdala, midbrain, or hindbrain. As such in one experiment, the output of three different populations of neurons were traced simultaneously. All sections were counterstained with Nissl for cytoarchitectonic details.",data collection project,,,
huang_pn_proj,Single nucleus transcriptomic profile of projection neuron subtypes in the mouse cortex,Projection Neurons,"Our goal is to create a high-resolution atlas of projection neurons in the mouse cortex using large scale single cell transcriptomic analysis across cortical regions.  CRE-driver lines targeting major cortical projection neuron subtypes and crossed to the Sun1-GFP nuclear reporter mouse line (C57 background) were used.  Samples representiung different cortical regions were dissected at p56. Individual nuclei were dissociated, sorted based on GFP labeling, and processed for single nuclei RNA sequencing using 10X Chromium V2. All regions sampled were obtained from both brain hemispheres in male and female mice. ",data collection project,,,
huang_retro_proj,Quadruple retrograde pathway tracing,Quadruple retrograde,"Different populations of neurons can be defined by their unique connectivity characteristics. This information of connectional features can be integrated with additional discriminating elements of neurons like their molecular profile to provide more comprehensive cell identification. Retrograde pathway tracers identify the input connections of injected regions by labeling cell bodies. Male C57BL wild type mice 8 weeks of age were used. In one experiment, four retrograde tracers were injected in different regions of interest spanning the cortex, striatum, thalamus, amygdala, midbrain, or hindbrain. As such in one experiment, four different populations of neurons were identified simultaneously. All sections were counterstained with Nissl for cytoarchitectonic details.",data collection project,,,
huang_sn_10xv2_proj,Transcriptomic cell types in the mouse brain: 10x nuclei,10x 3' v2 and v3 sequencing,"Our goal is to create a high quality atlas of cell types in the mouse brain using large scale single cell transcriptomic analysis across the entire mouse brain. C57 wild-type mice at p60 were used. Dissections of frozen tissue were performed to obtain regions including neocortex, isocotex,substantia nigra, bed nucleus of the stria terminalis, cerebellum and hippocampus. Nuclei were sorted based on fluorescent DAPI staining of dissociated singlet nuclei and processed for single cell RNA sequencing using 10X Chromium V2.   All regions sampled were obtained from both brain hemispheres in male and female mice. ",data collection project,,,
huang_stpt_conn_proj,Cre-dependent anterograde tracing in the forebrain,Anterograde tracing,Serial two photon tomography of mouse brain labeled with fluorescent Cre-dependent anterograde tracing.,data collection project,,,
huang_stpt_count_proj,Projection Neuron subpopulation cell soma location and distribution,Serial two photon tomography,Serial two photon tomography of projection neuron subtypes labeled by transgenic strategies.,data collection project,,,
kriegstein_sc_10x_proj,Single-Cell Sequencing of the Developing Human Brain,10x 3' v2 and v3 sequencing,"The human brain is composed of diverse cell types across brain regions that enable unique capabilities. Within the brain, the cerebral cortex is responsible for a number of cognitive functions and sensory integration, with distinct cortical regions controlling a variety of tasks including motion, vision, speech, and judgment. Recent work exploring the cell types of two distinct cortical regions in the human and mouse suggests that excitatory neurons are area specific and emerge during developmental stages of peak neurogenesis. However, further characterization of cortical arealization is required to understand whether gradients, sharp boundaries, or some combination of patterns describes the areal distribution of neurons and other cortical cell types. Importantly, accurate modeling of cortical development and understanding biological constraints for any attempts at stem cell therapies requires characterizing when neuroepithelia or radial glia transition from a uniform population into areal specific progenitors, and the degree to which they are committed to an areal fate. In order to comprehensively characterize the areal diversity of cell types during human development, we performed single-cell sequencing of a variety of cortical regions and sub-cortical structures from 20 intact first and second trimester brain samples. With over a million cells, we identify hundreds of cells types including temporal and area specific neurons, interneurons and radial glia populations, as well as a number of subtypes from each of these classes that are expressed across most cortical areas. Additionally, we find a small number of subpopulations of neuroepithelial cells and identify several key pathways that may regulate the switch from neuroepithelia to radial glia identity. Together, these datasets suggest a model of both area restricted progenitor populations as well as radial glia cell types that are observed across cortical regions, suggesting an orchestrated interplay of fate determination that gives rise to the required cell diversity of the human cerebral cortex.",data collection project,,,
kriegstein_sc_ATACseq_proj,Single-Cell ATAC-seq of the Developing Human Brain,Single cell ATAC-seq,"Dynamic changes in chromatin accessibility coincide with important aspects of neuronal differentiation, such as fate specification and arealization and confer cell type-specific associations to neurodevelopmental disorders. However, studies of the epigenomic landscape of the developing human brain have yet to be performed at single-cell resolution. Here, we profiled chromatin accessibility of >75,000 cells from eight distinct areas of developing human forebrain using single cell ATAC-seq (scATACseq). We identified thousands of loci that undergo extensive cell type-specific changes in accessibility during corticogenesis. Chromatin state profiling also reveals novel distinctions between neural progenitor cells from different cortical areas not seen in transcriptomic profiles and suggests a role for retinoic acid signaling in cortical arealization. Comparison of the cell type-specific chromatin landscape of cerebral organoids to primary developing cortex found that organoids establish broad cell type-specific enhancer accessibility patterns similar to the developing cortex, but lack many putative regulatory elements identified in homologous primary cell types. Together, our results reveal the important contribution of chromatin state to the emerging patterns of cell type diversity and cell fate specification and provide a blueprint for evaluating the fidelity and robustness of cerebral organoids as a model for cortical development.",data collection project,,,
kriegstein_sn_10x_proj,Single-Nuclei Sequencing of Late Stages of Human Brain Development and Early Postnatal Life,10x 3' v2 sequencing,"Human cortical development spans years of prenatal and postnatal development. This incredibly complex process involves multiple interacting cell lineages and dynamic processes, such as neurogenesis and gliogenesis, neuronal migration, cell differentiation, areal specification, axon outgrowth and synapse formation and maturation. Human cortical development proceeds through a number of critical stages that are believed to be affected in neurodevelopmental and psychiatric diseases, such as autism spectrum disorder and schizophrenia. In order to investigate the dynamic landscape of human cortical development at the single-cell resolution, we utilized single-nucleus RNA sequencing (snRNA-seq) to profile more than 100 post-mortem human cortical tissue samples from over 50 individuals and three cortical areas. We included samples ranging from second and third trimesters of prenatal development though neonatal and early postnatal stages to teenage and early adult years. By using unbiased nuclei isolation coupled with droplet-based single-cell profiling (10x Genomics), we generated over 300,000 single-nucleus transcriptomics profiles. We performed unbiased clustering, marker discovery and trajectory analysis, and were able to discover gene expression programs that underlie generation of subtypes of cortical projection neurons, interneurons and glial cell types, as well as critical process of development, such as generation of astrocytes, axon outgrowth, synapse formation and formation of mature cortical neuronal circuits. By intersecting cell type-specific developmental gene expression profiles with known genetic risk factors of neurodevelopmental disorders, we were able to identify cell types and developmental stages that can be especially affected in autism spectrum disorder and schizophrenia, leading to improper formation and function of specific cortical circuits. Our study sheds light on cell type-specific mechanisms of normal cortical development and cell types and processes affected in common neurodevelopmental disease. In addition, our rich single-nucleus transcriptomic atlas will be of great value to a wide range of neuroscientists.",data collection project,,,
lein_sn_10x,Transcriptomic characterization of cell types in human brain: 10x nuclei v2 and v3,10x 3' v2 and v3 sequencing,Broad transcriptomic survey of ~100 regions of adult postmortem human brain and spinal cord,data collection project,,,
lein_sn_SSv4_proj,Transcriptomic characterization of cell types in human brain: SMART-seq v4,SMART-seq v4,Deep transcriptomic analysis of hippocampus and dorsolateral prefrontal cortex,data collection project,,,
osten_stpt_proj,Whole Brain Quantitative Cell-Type Atlasing in Adult Male and Female Mouse.,Serial two photon tomography,"The stereotyped distribution of brain cell types, their numbers and ratios in all anatomical regions, is a fundamental determinant of brain functions, yet classical stereological methods have been too laborious to allow comprehensive analyses across animals and genders. Here we apply our quantitative brainwide (qBrain) cell-type mapping platform, comprising cell-type labeling, single-cell resolution imaging by serial two-photon tomography (STPT), and automated computational analyses, to map the stereotyped distributions of over thirty neuronal and glia cell types in male and female mouse brain. We discover detailed organizing principles underlying known functions of sensory, motor and cognitive cortical circuitries, as well as over a dozen of sex-dimorphic cell-type distributions primarily in brain structures of the vomeronasal system regulating reproductive and social behaviors. The qBrain atlas provides a unique anatomical resource that can be mined to link stereotyped aspects of neuronal distributions to known and unknown functions of diverse brain areas. ",data collection project,,,
yang_MORF_confocal_proj,Dendritome mapping of genetically-defined and sparsely-labeled cortical and striatal projection neurons,Dendritome mapping,"Integrating molecular, morphological, and connectomic properties is critical for unbiased classification of neuronal cell types in the mammalian brain. Here we propose a novel approach to classify neuronal cell types by brainwide comprehensive profiling of the dendritic morphology of genetically-defined neurons in the mouse brain. We have developed an innovative mouse genetic tool, called Mosaicism with Repeat Frameshift (or MORF), which enables sparsely and stochastically labeling of genetically-defined neurons in mice. MORF reporter mice can label in exquisite detail single neurons from dendrite and spines to axons and axonal terminals at a labeling frequency of 1-5% of a given neuronal population. We propose to cross our new MORF lines with Cre mouse lines for striatal medium spiny neurons (MSNs) of direct- and indirect pathways, and for cortical pyramidal neurons of distinct cortical layers (i.e. L2/3/4, L5 and L6). Each MORF/Cre mouse will allow us to image the detailed dendritic morphology for thousands of genetically-defined striatal and cortical neurons (i.e. dendritome). We have also developed and streamlined imaging and computational tools to acquire and register brainwide single neuron morphological data onto a standard reference mouse brain atlas. We will digitally reconstruct hundreds of thousands of MORF-labeled neurons using our novel program called G-Cut. Reconstructed neurons will subsequently used for morphology based clustering to define new morphological subtypes, which in turn can be analyzed for the expression of novel molecular markers neuronal cell types (e.g. from single cell RNA-sequencing).  Finally, we will disseminate the data to the Brain Cell Data Center (BCDC) for data integration with those from other BRAIN Initiative Cell Census Network (BICCN) and for data access by the broader neuroscience research community. ",data collection project,,,
zeng_anderson_sc_10xv2_proj,Transcriptomic cell types of ventromedial hypothalamus in the mouse: 10x cells,10x 3' v2 sequencing,"The ventrolateral subdivision of the ventromedial hypothalamus (VMHvl) contains ~4,000 neurons that project to multiple targets and control innate social behaviors including aggression and mounting. However, the number of cell types in VMHvl and their relationship to connectivity and behavioral function are unknown. We performed single-cell RNA sequencing using two independent platforms-SMART-seq(~4,500 neurons) and 10x (~78,000 neurons)-and investigated correspondence between transcriptomic identity and axonal projections (Retro-seq for SMART-seq) or behavioral activation (Act-seq for 10x), respectively. Canonical correlation analysis identified 17 transcriptomic types (T-types), including several sexually dimorphic clusters, the majority of which were validated by seqFISH. Immediate early gene analysis from our Act-seq dataset identified T-types exhibiting preferential responses to intruder males versus females but only rare examples of behavior-specific activation.",data collection project,,,
zeng_fmost_proj,Full morphology in the mouse brain: fMOST,fMOST,"Our goal is to create high voxel resolution whole mouse brain datasets with fluorescence micro-optical sectioning tomography (fMOST) imaging method for reconstructing whole morphology of specific individual neurons. Statement about this dataset: Transgenic or viral strategies were used to sparsely label specific neuron populations in the brain with fluorescent reporters. For whole-brain imaging, the intact brain was embedded in glycol methacrylate resin. By using the fMOST technology, each embedded brain can be imaged with 1 micron voxel. This complete strategy can acquire a three-dimensional image set that can identify dendritic, axons, and their terminals across the whole mouse brain. Scope of this dataset: The dataset will survey full neuronal morphologies of representative cell types in the whole brain regions.",data collection project,,,
zeng_mouselight_proj,MouseLight imaging,MouseLight,MouseLight imaging.,data collection project,,,
zeng_retro_proj,Retrograde trans-synaptic imaging,Retrograde trans-synaptic,"Neuronal classification and connectivity have been the key point to understand brain. Single cell full morphology provides precise information for projection, correlation between dendrite and axon topology and functions. However, how to produce large-scale 3D full morphology is a major challenge. We developed a strict leveled protocol combined with automatic and manual procedures to systematically guide the neuron reconstruction process with clear standards. We reconstructed more than 1000 neurons located in thalamus, striatum, claustrum, etc. based on our protocol. Reconstructions of thalamus are grouped to sensory relay nuclei like VP, LGN, MG, VL etc. and higher order nuclei like PO, RT, etc. Strikingly, multiple axon clusters of single neuron present layer specific projections and highlights the projection which have been overlooked in population level, like VPM projecting to secondary sensory cortex. Axonal branching patterns are with different characteristics from different nuclei, like Neurons located in Reticular nucleus display netting pattern. Importantly, soma location, dendritic structure and axonal projection could be tightly correlated for specific neurons like neurons located nearby border of PO and VPM. Also, single cell could supply more accurate intracellular connectivity compared to population level.",data collection project,,,
zeng_sc_10x_proj,Transcriptomic cell types in the mouse brain: 10x cells,10x 3' sequencing,"Our goal is to create a high-quality atlas of cell types in the mouse brain using large scale single cell transcriptomic analysis across the entire mouse brain. Transgenic or viral strategies were used to label specific cell populations in the brain with fluorescent reporters. Sample collection was biased to enable sampling of as many cell types as possible and reduce redundant cell type collection. Most of the cells in this dataset were collected using broad Cre-driver lines that labeled all neurons (Snap25-IRES2-Cre), all Glutamatergic cells (Slc17a7-IRES2-Cre), or all GABAergic cells (Slc32a1-IRES-Cre or Gad2-IRES-Cre). Cells from primary visual cortex (VISp) and anterior lateral motor cortex (ALM, a subset of secondary motor cortex, MOs) were collected from a broad set of transgenic driver and reporter combinations in addition to the broad lines specified above. Fine dissections of brain regions and cortical layers were performed and tracked throughout sample processing. Specimens were dissected from both hemispheres in both male and female mice. Fluorescence activated s+J10orting of cells was performed based on expression or absence of fluorescent reporter labels to isolate individual cells into separate tubes. Isolated cells were processed for single cell RNA sequencing using SMARTer v4. This method enables tracking of dissection location and high gene detection per cell to identify fine differences in gene expression and highly selective marker genes. This dataset will survey all major regions of the mouse brain. Publication: Tasic, B. et al. Nature 563, 72;78 (2018).",data collection project,,,
zeng_sc_SSv4_proj,Transcriptomic cell types in the mouse brain: SMART-seq cells,SMART-seq v4,"Our goal is to create a high-quality atlas of cell types in the mouse brain using large scale single cell transcriptomic analysis across the entire mouse brain. Transgenic or viral strategies were used to label specific cell populations in the brain with fluorescent reporters. Sample collection was biased to enable sampling of as many cell types as possible and reduce redundant cell type collection. Most of the cells in this dataset were collected using broad Cre-driver lines that labeled all neurons (Snap25-IRES2-Cre), all Glutamatergic cells (Slc17a7-IRES2-Cre), or all GABAergic cells (Slc32a1-IRES-Cre or Gad2-IRES-Cre). Cells from primary visual cortex (VISp) and anterior lateral motor cortex (ALM, a subset of secondary motor cortex, MOs) were collected from a broad set of transgenic driver and reporter combinations in addition to the broad lines specified above. Fine dissections of brain regions and cortical layers were performed and tracked throughout sample processing. Specimens were dissected from both hemispheres in both male and female mice. Fluorescence activated s+J10orting of cells was performed based on expression or absence of fluorescent reporter labels to isolate individual cells into separate tubes. Isolated cells were processed for single cell RNA sequencing using SMARTer v4. This method enables tracking of dissection location and high gene detection per cell to identify fine differences in gene expression and highly selective marker genes. This dataset will survey all major regions of the mouse brain. Publication: Tasic, B. et al. Nature 563, 72;78 (2018).",data collection project,,,
zeng_sn_10x_proj,Transcriptomic cell types in the mouse brain: 10x nuclei,10x 3' v2 and v3 sequencing,"Our goal is to create a high-quality atlas of cell types in the mouse brain using large scale single cell transcriptomic analysis across the entire mouse brain. Coarse dissections of brain regions were performed and specimens were dissected from both hemispheres of male and female mice. Nuclei were extracted from dissected tissues, and fluorescence activated sorting of nuclei was performed based on antibody labeling of NeuN protein to obtains pools of nuclei enriched for neurons. These pools of nuclei were processed for single nucleus RNA sequencing using 10X Chromium v2, which isolated nuclei in droplets to assign individual nucleus barcodes. This method enables a rapid, large-scale survey of cell types in brain regions with accurate recovery of cell type proportions, but at low gene coverage per nucleus. This dataset surveys cells in the primary motor cortex (MOp) as well as regions where isolation of whole cells is difficult, or nuclear profiling is needed to establish cell type proportions.",data collection project,,,
zeng_sn_SSv4_proj,Transcriptomic cell types in the mouse brain: SMART-seq nuclei,SMART-seq v4,"Our goal is to create a high-quality atlas of cell types in the mouse brain using large scale single cell transcriptomic analysis across the entire mouse brain. Fine dissections of brain regions and layers were performed from both hemispheres of male and female mice. Nuclei were extracted from dissected tissues, and fluorescence activated sorting of nuclei was performed based on antibody labeling of NeuN protein to sort individual nuclei into separate wells. Isolated nuclei were processed for single nuclei RNA sequencing using SMARTer v4. This method enables tracking of dissection location and moderate gene detection per nucleus with accurate recovery of cell type proportions within (but not between) each tissue sample. This dataset surveys cells in the primary motor cortex (MOp) as well as regions where isolation of whole cells is difficult, or nuclear profiling is needed to establish cell type proportions.",data collection project,,,
zeng_tolias_pseq_proj,Patch-seq of mouse motor cortex: transcriptomics,Patch-seq MOp,"We used Patch-seq to combine patch-clamp recording, biocytin staining, and single-cell RNA sequencing of neurons in adult mouse motor cortex, providing a comprehensive morpho-electric annotation of almost all transcriptomically defined neural cell types.",data collection project,,,
zhuang_merfish_proj,A molecularly defined and spatially resolved cell atlas of the mouse primary motor cortex,MERFISH,"In situ, spatially resolved, gene expression profiling of individual cells in the mouse primary motor cortex by multiplexed error-robust fluorescence in situ hybridization (MERFISH). ~300,000 cells and 258 genes were imaged.",data collection project,,,
zhangK_snareseq,High-throughput sequencing of the transcriptome and accessible chromatin in the same cells of the primate brain,SNARE-seq2 (RNA-seq/ATAC-seq),Dual-omic SNARE-Seq2 data sets generated from the human and marmoset brain,data collection project,,,
zhangl_seqfish_proj,Cell Atlas of Mouse Brain-Spinal Cord Connectome using seqFISH,Spinal cord connectome seqFish,Deep transcriptomic analysis of the mouse spinal cord.,data collection project,,,
ecker_hu_DNAseq_proj,DNA genome sequence of  individual human brain donors,DNA sequencing,DNA genome sequence of  individual human brain donors,data collection project,,,
fischl_mri_proj,Multi-resolution structural and diffusion MRI for the ex vivo whole human hemisphere,MRI,Multi-resolution structural and diffusion MRI collected on ex vivo whole human hemispheres at field strengths of 3 T and 7 T. This dataset provides undistorted volumetric images of the human cerebral cortex to facilitate an MRI-based atlas coordinate system to which distorted histological cell typic can be registered.,data collection project,,,
fischl_oct_proj,Serial sectioning block-face polarization sensitive optical coherence tomography of ex vivo human brain blocks,OCT,Volumetric OCT data collected from ex vivo human brain area BA 44/45 after index matching with 60% v/v TDE. Serial sectioning was performed with a slice thickness of 500 um. Block-face OCT acquisition was performed with a 4x objective with 5 um isotropic resolution. Each image tile has FOV of 3x3 mm2 and was stitched with adjacent image tiles during post-processing. The focal plane depth was shifted three times for each slice to cover the whole thickness of the 500um slice.,data collection project,,,
tasic_ATACseq_proj,Chromatin accessibility data from mouse V1,ATACseq,Chromatin accessibility data was collected from individual cells in mouse V1 and clustered with single cell data to identify enhancers specific for cell classes and subclasses.,data collection project,,,
tasic_stpt_proj,Brain-wide labeling patterns of enhancer viruses,STPT,"Cell type-specific regulatory elements identified, AAV viruses were generated and delivered into the brains of reporter mice.  Virus-infected brains were imaged on a Tissuecyte 2P tomography system to characterize labeling patterns brain-wide.",data collection project,,,
MacaqueM110xProj,Transcriptomic characterization of cell types in macaque M1 using droplet-based single nucleus RNA sequencing,Macaque L5 M1 10x,RNA sequencing data from single macaque nuclei from M1 profiled by 10x.,data collection project,,,
zhangl_anatomy_proj,Cell Atlas of Mouse Brain-Spinal Cord Connectome using Light Sheet Microscopy,Brain-Spinal Cord Connectome - LSM,"We use a highly innovative and multidisciplinary approach to systematically characterize neuronal types in the spinal cord based on their anatomy, connectivity, morphologies, molecular identities, and electrophysiological properties.",data collection project,,,
human_cortex,Human Multiple Cortical Areas - SMART-seq,Human CTX SSv4,"To investigate the cellular diversity across human cortex, we used SMART-Seq v4 single nucleus RNA-sequencing that provides a relatively unbiased survey of cell types and can be applied to neurosurgical and frozen, postmortem tissue. Individual layers of cortex were dissected from brain tissues including the middle temporal gyrus (MTG), anterior cingulate gyrus (CgGr), primary visual cortex (V1C), primary motor cortex (M1C), primary somatosensory cortex (S1C) and primary auditory cortex (A1C), and nuclei were dissociated and sorted using the neuronal marker NeuN. In total, nuclei from MTG were sampled from four postmortem donor brains and four neurosurgical donor brains and nuclei from the remaining regions were sampled from 3 postmortem donor brains. Profiled nuclei included approximately 90% neurons and 10% glia. NOTE: This project contains a mixture of datasets generated under different funding sources and associated with different access restrictions and licenses. Please refer to the description of the data collection to identify which license is applicable.",data collection project,,,
ecker_hu_sn_ATACseq_proj,Chromatin accessibility profiling in individual human brain nuclei,Chromatin single nucleus,Chromatin accessibility profiling in individual human brain nuclei,data collection project,,,
ecker_hu_sn_mCseq_proj,DNA methylation profiling of genomic DNA in individual human brain cell nuclei,DNA methylation single cell,DNA methylation profiling of genomic DNA in individual human brain cell nuclei,data collection project,,,
regev_cisi_proj,Scaling up spatial RNA profiling with compressed sensing,Spatial RNA compressed sensing,Composite In Situ Imaging of 37 genes with 11 composite measurements and validation images in 12 coronal sections of bisected mouse brain.,data collection project,,,
huang_fmost_proj,Single cell morphology fMOST imaging and cell reconstructions in the mouse brain,fMOST,Single cell morphology fMOST imaging and cell reconstructions in the mouse brain.,data collection project,,,
mueller_mouselight_proj,"Accessible technologies for high-throughput, whole-brain reconstructions of molecularly characterized mammalian neurons",Mouselight neuron segmentation,"Automated neuron segmentation in sparsely labeled, sub-micron resolution images of complete mammalian brains.",data collection project,,,
nowakowski_evobc_proj,Mapping Developmental Lineage Relationships in the Cerebral Cortex,Developmental Lineage,"This dataset contains data about the lineage history of cortical cells in the mouse. There are two primary modalities of tracing lineage history - static barcodes, which are delivered by a lentivirus injected in utero, and evolvable barcodes, which are genetically encoded and are theoretically present in all cells. Mouse brains are dissected at varying postnatal ages and dissociated to single cells, then processed with 10x v3 chemistry and sequenced.",data collection project,,,
